{
  "off_SOFT": 0.007538020146432262,
  "off_MEDIUM": 0.007690217561306831,
  "off_HARD": 0.007081735819207747,
  "deg_SOFT": -0.0008014565307596683,
  "deg_MEDIUM": -0.0004575152564804938,
  "deg_HARD": -0.00018226213001718136,
  "dq_SOFT": 6.072885532097843e-05,
  "dq_MEDIUM": 1.786824371169426e-05,
  "dq_HARD": 4.757880154276828e-06,
  "ts_SOFT": -0.08901577185477384,
  "ts_MEDIUM": -0.08902461897921915,
  "ts_HARD": -0.08903370265623053,
  "pit_lane_time": 22.0,
  "base_lap_time": 90.0
}