{
  "off_SOFT": 0.0020835533114128804,
  "off_MEDIUM": 0.002174422311795019,
  "off_HARD": 0.002034399378127908,
  "deg_SOFT": -0.00025210711260389637,
  "deg_MEDIUM": -0.00015100566711027464,
  "deg_HARD": -6.795317925713849e-05,
  "dq_SOFT": 1.9563578461015564e-05,
  "dq_MEDIUM": 5.935291769869178e-06,
  "dq_HARD": 1.7832482987521502e-06,
  "ts_SOFT": 0.3002205164199317,
  "ts_MEDIUM": 0.30021829231975994,
  "ts_HARD": 0.3002166081865537,
  "pit_lane_time": 22.0,
  "base_lap_time": 90.0
}