{
  "off_SOFT": 0.00208355,
  "off_MEDIUM": 0.00217442,
  "off_HARD": 0.0020344,
  "deg_SOFT": -0.00025211,
  "deg_MEDIUM": -0.00015101,
  "deg_HARD": -6.795e-05,
  "dq_SOFT": 1.956e-05,
  "dq_MEDIUM": 5.94e-06,
  "dq_HARD": 1.78e-06,
  "ts_SOFT": 0.30022052,
  "ts_MEDIUM": 0.30021829,
  "ts_HARD": 0.30021661,
  "pit_lane_time": 22.0,
  "base_lap_time": 90.0
}